<?xml version="1.0" encoding="UTF-8" standalone="yes"?>
<AitRecoveryTool Author="AndyH" Version="0.1">
	<Flash>
	<!--
		<StorageType Type="EMMC" Param0="0x01"/>
		
		<BurnBin File="tdefw_8428_ddr3_20150123.img" Address="0x0"/>
		-->
			<!--
		<StorageType Type="SPI_NAND" Param0="0x01"/>
		<BurnBin File="SdFwCode.bin" Address="0x0"/>	
		<BurnBin File="U-boot_SPINAND.bin" Address="0x20000"/>
		-->
		<!--
		<BurnBin File="Kernal.bin" Address="0x100000"/>
		<BurnBin File="RootFs.bin" Address="0x600000"/>
			-->
		<!---->	
		<StorageType Type="PARALLEL_NAND" Param0="0x01"/>
		<BurnBin File="SdFwCode.bin" Address="0x0"/>	
		<BurnBin File="U-boot_PANAND.bin" Address="0x20000"/>
		<BurnBin File="UImage" Address="0x100000"/>
		<BurnBin File="Rootfs_ubi.img" Address="0x600000"/>
		
	</Flash>
</AitRecoveryTool>
